Name,Height,FederalStateid
Breitenberg,970,4
Brandstein,741,8
Salcherberg,1025,8
Tannberg,918,4
Imitzberg,1104,4
Scheiblingstein,2052,8
Großer Warschenberg,1295,8
Kalbling,2014,8
Kleeriedel,1127,8
Höllensteinberg,638,5
Vierjochkogel,649,5
Buchkogel,634,5
Badner Lindkogel,578,5
Schober,1512,8
Wirtsspitz,1969,8
Seyfriedberg,1317,8
Steinermandl,1951,8
Schleifkogel,1879,8
Hohes Kampeck,1326,3
Rettenzink,2265,3
Geißstein,2056,3
Tristinger,2134,3
Königsstuhl,2336,3
Peilstein,1947,3
Hohe Kammer,2531,3
Kleiner Tenn,2641,3
Kastenegg,2647,2
Figerhorn,2657,2
Radingberg,613,4
Tamberg,1494,4
Hutberg,1167,4
Mitterberg,1538,4
Zamseggerkogel,941,4
Sattelkoppen,1983,8
Schönberg,1810,8
Zoderberg,1802,8
Schafberg,1727,8
Leistenstein,1433,8
Kirchdorfberg,1305,8
Glatzeck,997,4
Gstättenberg,670,4
Brennetgupf,670,4
Vorderer Raucher,1609,8
Hinterer Raucher,1547,8
Schafberg,1273,8
Kufberg,706,4
Lauffner Berg,526,4
Pötschenstein,1077,8
Tauern,969,4
Hoher Rosenkogel,1218,4
Mitterberg,1101,4
Feuerkogel,1276,4
Hoher Raschberg,1276,4
Ahornkogel,1368,8
Tressenstein,959,8
Dimmelberg,969,8
Gosaueck,1120,4
Rauer Koppen,1572,8
Hoher Koppen,1285,4
Hohe Sieg,1082,4
Hageneck,1239,4
Tauernkogel,1947,3
Zetzenbergkogel,671,3
Gschirrhörndl,1690,3
Klobner Kopf,2187,3
Kirchstein,2001,3
Hirschkogel,1413,3
Feuersengköpfl,688,3
Frommer Kogel,1635,3
Ladenberg,1708,3
Schwarzkogel,1307,3
Schwarzenegg,1521,3
Ochsenkopf,1428,3
Gamskarkogel,1888,3
Plattenkopf,907,3
Torsäule,2649,3
Buchberg,827,3
Gamsleitenkopf,1896,3
Faistalkopf,1470,3
Tiefentalköderl,1569,3
Brennerköpfl,1216,3
Oberes Gründeck,1259,3
Filzkogel,1715,3
Zederbergkopf,1208,3
Grindkogel,1739,3
Sonntagskogel,1739,3
Kitzsteinhörndl,1790,3
Tennkogel,1618,3
Eßkopf,1618,3
Schober,2037,3
Sandkogel,2037,3
Schiedreitspitz,2037,3
Luxkogel,1801,3
Zirmstein,1620,3
Penkkopf,1981,3
Zwieselkopf,1503,3
Austuhl,1907,3
Hochegg,1907,3
Arlspitze,1907,3
Urkübl,1886,3
Gasteiner Höhe,1717,3
Hörndl,1505,3
Karriedel,1871,3
Schwalbenfelsen,403,5
Binderberg,318,5
Gerichtsberg,452,5
Hohe Sulz,382,5
Gollitsch,248,5
Schafberg,473,5
Arzberg,469,5
Hufnagelberg,475,5
Kreuzberg,488,5
Kirchberg,512,5
Kreuzberg,497,5
Goggitschberg,471,5
Kohlberg,489,5
Prutzenberg,425,5
Halterberg,536,5
Hoher Punkt,549,5
Scheibenkogel,528,5
Buchberg,505,5
Klumetzberg,469,5
Wetzlesberg,535,5
Jasweinberg,510,5
Zemmendorfer Berg,519,5
Schlagberg,524,5
Jungfrauenberg,581,5
Speisenberg,473,5
Hoher Stein,539,5
Amerexel,592,5
Pyhringer Höhe,676,5
Loosberg,632,5
Predigtstuhl,714,5
Satzling,628,5
Galgenberg,531,5
Schloßberg,522,5
Kalkberg,594,5
Hoher Stein,666,5
Pyramide,647,5
Mühlberg,645,5
Gerichtsberg,545,5
Harlüßberg,485,5
Steinberg,590,5
Burgstallberg,585,5
Neuteichberg,612,5
Birkenberg,545,5
Buchberg,577,5
Lußberg,545,5
Galgenberg,583,5
Hausberg,581,5
Hofbauernberg,581,5
Hoher Berg,550,5
Machoberg,545,5
Teichberg,531,5
Hörmannsberg,557,5
Teichberg,557,5
Haselberg,557,5
Schindelberg,652,5
Sengerberg,436,8
Harrachberg,324,8
Grubberg,392,8
Reithberg,439,8
Berghanselberg,301,8
Traubenberg,409,8
Wagenhoferberg,379,8
Mayerhanselberg,379,8
Lamberg,381,8
Hamberg,413,8
Bloderberg,310,8
Tontelberg,332,8
Keberberg,361,8
Labillberg,334,8
Jahrbachberg,341,8
Asselberg,281,8
Ascherlberg,293,8
Klompfenberg,281,8
Droschenberg,344,8
Nesselbachberg,320,8
Höfberg,297,8
Grillberg,293,8
Steinberg,383,8
Salzwipfel,315,8
Tostlereck,377,9
Karlhöhe,356,8
Kogelegg,376,8
Zotterberg,348,9
Kalchberg,341,9
Schneiderkogel,383,9
Rotterberg,348,9
Hochwartkogel,269,8
Schirrenkogel,313,8
Rosenberg,389,8
Nägelsdorfberg,250,8
Königsberg,399,8
Bärenloch,1967,10
Schneeberg,2252,4
Niederer Gjaidstein,2252,4
Niederer Dachstein,2518,4
Hohe Stuhl,1729,8
Haxberg,1697,8
Miesberg,1919,8
Scheiblingstein,1997,8
Mitterstein,1997,8
Tor,2055,3
Sonnwendkogel,1486,8
Kreuzleiten,1107,8
Aicher Stein,1352,8
Hirnberg,1352,8
Kufstein,1706,8
Luserriedel,1647,8
Sinabell,2128,8
Kampspitze,2128,8
Mitterstein,2104,8
Eselstein,2104,8
Hohe Rams,2499,8
Rössingkogel,1075,8
Duregg,1547,8
Sattelberg,1004,8
Rittissberg,1451,8
Saumerberg,1018,8
Schwarzkogel,1655,8
Freiberg,1601,8
Gruberberg,1685,8
Kreuzberg,2133,8
Rauhenberg,2133,8
Silbersteinberg,1745,8
Kahrberg,1745,8
Lahnberg,1097,8
Pulverturm,1924,8
Bärnriesenberg,1018,8
Berstenhofberg,1459,8
Vorderer Wildkarstein,2182,8
Sonntagkarzinken,2132,8
Weitgaßbretter,1719,8
Greifenstein,2317,8
Hinterer Wildkarstein,2248,8
Rauhenberg,1834,8
Krukeck,2176,8
Sauberg,2176,8
Engelkarspitze,2147,8
Deichselspitze,2214,3
Roßkogel,2210,3
Alterkogel,2473,3
Rotsandspitze,2125,3
Scharnrock,2125,3
Samerkogel,1906,3
Blutspitze,2439,3
Schusterstuhl,2250,3
Silvrettahorn,3104,1
Grübelekopf,2861,10
Zwölfernock,1940,6
Zwölferkopf,2514,2
Zwölferhorn,1496,3
Zwillingwand,2024,3
Zwillingskogel,1302,4
Zwiesel Berg,1041,4
Zwiesel Berg,1218,5
Zwergenberg,1220,2
Zwerfenberg,2452,8
Zunder Kopf,1772,2
Zuckerhütl,3272,2
Zuberbach,346,9
Zottachkopf,1800,6
Zopetspitz,3066,2
Zollnerhöhe,1860,6
Zöbelboden,799,4
Zlatten Berg,926,8
Zlannock,902,6
Zitterauer Tisch,2274,3
Zischken,2214,3
Zirmenkopf,2709,1
Zirleseck,1745,2
Zirlerberg,1277,2
Zirbitzkogel,2376,8
Zippelkogel,988,4
Zinsberg,1359,2
Zinödl Berg,1138,8
Zinödl,2026,8
Zinnenberg,1502,10
Zinkenspitzen,2405,2
Zinken Kogel,1813,8
Zinken,950,8
Sorgschrofen,1319,10
Seckauer Zinken,2152,8
Zingerstein,1893,2
Ziethenkopf,1889,6
Zickenberg,1747,3
Zettersfeld,2199,2
Zepsspitze,2437,3
Zeneberg,1909,6
Zemseck,825,4
Zeitschenberg,1258,4
Zeiseleck,1043,8
Zeiritzkampel,1667,8
Zeindlkopf,1665,2
Zeigerberg,2341,2
Zehnerkarspitze,1680,3
Zehneranger,1162,8
Zeckerleiten,949,4
Zechnerschlag Kogel,1378,8
Zechnerhöhe,1864,6
Zechnereck,1642,8
Zeberer Alpe,1101,8
Zargenkopf,1612,8
Zarfelkogel,1318,6
Zähne,2015,2
Zagel Kogel,2003,8
Wurzerkampl,1576,4
Würflingerhöhe,2127,8
Wonnekopf,2164,2
Wölzer Tauern,1474,8
Wolscheneck,1695,8
Wöllaner Nock,2121,6
Wölkerkogel,1545,8
Wolfsberg,1094,4
Wolfödhöhe,439,5
Monte Volaia,2311,10
Woising,1733,8
Wohntal Hocheck,1071,8
Winterstaude,1856,1
Winsaberg,775,5
Winkelalpel,574,2
Windhagkogel,1297,4
Windgrube,1724,8
Windegg,1148,8
Windberg,773,8
Wildspitze,3720,2
Wildseeloder,1908,2
Wildnörder,2675,2
Wildkogel,2069,3
Wildkarkopf,1551,3
Wildkarkogel,1827,3
Wildhorn,2115,6
Wildgrat,2640,2
Wildgerlosspitze,3193,3
Wildfeld,1553,8
Wilder Mann,2500,2
Wilde Krimel,2280,2
Wildeggkogel,1485,8
Wildbühel,1755,3
Wildbach Alpe,1630,6
Wildalpe,1010,8
Wildalmrotkopf,2254,3
Wieslerhorn,1014,3
Wiesernock,1916,6
Wieserhörndl,1519,3
Wieselstein,2010,3
Wiesberg,773,5
Wieningsberg,659,5
Wienerhöhe,690,4
Wiegeneck,1967,8
Wiederschwing,1573,6
Wiedersberger Horn,2071,2
Wiedenberg,1105,8
Widderstein,2390,1
Weyerberg,1335,3
Wetzerleiten,1258,8
Wetzelstein,613,4
Wetterspitzen,2678,2
Wetter Kogel,1920,8
Wetterin,1038,8
Wetschkenkopf,1458,6
Wenzelalpe,1732,8
Wendlgupf,911,5
Wenderkogl,1767,2
Weitenberg,368,5
Parete Bianca,2974,10
Weisswände,1301,6
Weissstein,1487,2
Weißspitz,3230,2
Weißkugel,3677,2
Weisskogel,2540,2
Weißes Beil,2443,2
Weissenhöhe,643,4
Weisseneck,2130,3
Weisseck,903,4
Weisseck,2472,3
Weinschnabel,2442,3
Weinsberg,976,5
Weineben,1899,6
Weinberg,867,8
Weberkogel,1052,8
Waxriegel,1518,5
Waxeneck,682,5
Waxenberg,541,5
Wasserkopf,1421,4
Wasserfallspitze,2248,8
Wasenwand,2525,2
Waschberg,325,5
Großer Wartkopf,2387,3
Wartenstein,709,8
Warscheneck,2006,4
Wannig,2446,2
Wandl Kogel,1266,8
Wandaukogel,1205,8
Walzkogel,988,8
Walzkogel,940,8
Wallerberg,1590,2
Waldhorn,2466,8
Wagrainerhöhe,1939,3
Wagenbänkberg,1533,8
Wadecken,1685,6
Wachtberg,641,5
Wachholz,858,8
Wach Berg,863,5
Wabenriegel,1265,6
Woschza,1463,10
Vormauerstein,1008,4
Vorderunnutz,2025,2
Vorderlabeneck,1634,3
Vorderkogel,1809,3
Vordere Steinkar Spitze,2434,6
Vorderes Sonnwend Joch,2118,2
Vorderes Freieck,1737,3
Vorderer Zellerhut,1569,8
Vorderer Wilder,1500,10
Vorderer Schwarzmooskogel,1353,8
Vorderer Satzgrat,2849,2
Vorderer Findelkarkopf,1789,6
Vordere Rendlspitze,2542,2
Vordere Ölgrubenspitzen,3392,2
Vordere Leier,2431,6
Voralpe,1028,8
Voldöppberg,976,2
Vogelkarspitze,2424,2
Viehberg,950,4
Versettla,2352,1
Verbella Kopf,2404,1
Venetberg,2485,2
Veitschalpe,1777,8
Veitsberg,1483,2
Valschavielkopf,2491,1
Vallüla,2298,1
Valluga,2723,1
Valisera,1820,1
Valerie Höhe,618,5
Urlkogel,452,8
Urhammer Berg,739,4
Upsspitze,2156,2
Untere Wildgruben Spitze,2518,1
Unterer Traunstein,1764,3
Unterer Saubichl,486,5
Unterer Eisenkopf,2055,2
Unterberg,1150,5
Unterberg,827,2
Ulrichsberg,835,6
Ulreichsberg,1050,5
Übelskogel,886,6
Tyregg,889,5
Turntaler Kogel,1401,8
Turneralpe,1435,8
Turm Kogel,605,5
Turmkogel,1380,2
Turmberg,659,4
Turm,1541,8
Tulbinger Kogel,462,5
Tuklar,2263,1
Tschirgant,2293,2
Tschierweger Nock,2049,6
Tschiernock,1982,6
Tschekelnock,1833,6
Troppberg,433,5
Troiseck,1228,8
Creta di Aip,2072,6
Tristenwandkopf,2019,3
Tristen Spitze,2621,6
Tristenkopf,1143,2
Triebenstein,1274,8
Drosberg,1948,2
Trenchtling,1950,8
Treffauer,1761,2
Traunstein,1563,4
Tratten,1474,6
Tratt Berg,1333,3
Trainsjoch,1493,10
Trailing,924,4
Traidersberg,859,8
Trafel Berg,706,5
Totterfeld,381,8
Toter Mann,1075,8
Totenkarspitze,2974,2
Torstein,2055,3
Tor Spitze,2405,2
Törlspitzen,2059,10
Törlkopf,2170,6
Törlkopf,1582,6
Törle,1346,2
Falkenmauer,1425,4
Törl,1795,6
Torkofel,2148,6
Torhelm,2268,2
Torhelm,2388,2
Tonion,1167,8
Toneck,1332,8
Tommer,1031,8
Töllmar Kogel,1371,8
Toblermann,1964,1
Tischlerberg,342,9
Tiroler Kogel,1018,5
Tiefkarspitze,1736,2
Thurntaler,2325,2
Thulnkogel,2310,2
Theuerlnock,2127,6
Thaneller,2306,2
Thalerkogel,1376,8
Teufelstein,1208,8
Teufelsgrat,2612,2
Teuchlspitze,2057,6
Tettenhengst,780,5
Teichlberg,871,4
Tauernberg,1769,2
Tauchenberg,1564,6
Tauberbühel,783,6
Tannkoppen,1226,3
Tann Berg,1342,8
Tandl Kogel,743,8
Tandelspitz,2466,6
Tamischbachturm,1621,8
Talleitspitze,3345,2
Tagweide,2112,3
Taborberg,1174,3
Swickl Berg,380,9
Süßleiteck,2384,8
Sumpfkopf,2140,2
Sumpereck,1532,8
Sulzspitze,1740,2
Sulzkogl,2751,2
Sulzkogelmauer,943,8
Sulz Kogel,891,4
Sulzenhals,1701,3
Sulzberg,1041,4
Sulz Berg,727,5
Sulzberg,900,5
Stumpfmauer,1403,8
Stulperrast,2159,2
Stuhleck,1773,8
Stuckkogel,1550,2
Stubwieswipfel,1665,4
Stubnerkogel,2055,3
Stubeck,2352,6
Stubau,864,4
Stubalpe,1318,8
Stross,877,8
Stronachkogel,1805,6
Strimskogel,1723,3
Striedenkopf,2624,6
Streimlingberg,887,5
Strassboden,2209,6
Strahlkogl,2484,2
Stradner Kogel,613,8
Stotzing Berg,407,9
Kärntner Storschitz,1477,6
Storfhöhe,957,6
Stolzalpe,1651,8
Stoderzinken,1486,8
Stoder,2014,6
Stipennock,1986,6
Stimmelhöhe,1442,3
Stillkopf,2615,2
Stileck,1997,6
Stiftlberg,646,8
Stierjoch,1676,10
Stierhaltkogel,1282,5
Steyrsberg,973,4
Steyreck,1576,4
Sternstein,945,4
Sternspitze,1771,6
Sternbauer Kogel,594,8
Stempeljochspitze,2286,2
Stellkopf,2680,6
Steinwandleiten,635,5
Steinwand,807,8
Steinriegel,674,5
Steinplattl,652,5
Steinplatte,1630,2
Steinplan,1624,8
Steinplan,1472,8
Steinmandl,1172,8
Steinkopf,1992,6
Steinkogel,2076,3
Steinkarzinken,1918,8
Steinkarleck,2363,3
Steinhofer Kogel,782,5
Steinhaus,1292,8
Steinfeldspitze,1824,3
Steinerne Stiege,1473,8
Steineck,1381,4
Steineck,1281,8
Steinbergstein,1859,2
Steinbergkogel,1894,2
Steinberger Joch,1545,2
Steinberg,1432,4
Steinberg,928,8
Steigl Berg,660,4
Stefans Berg,331,5
Stawipfel,2477,6
Staufen,1426,1
Statzberg,571,5
Statz Berg,785,5
Starhand,1899,6
Stanziwurten,2340,6
Stanskogel,2377,2
Stangnock,2063,8
Stanglalpe,1050,8
Stangl,573,8
Stampferwand,1954,3
Stallonkofel,2011,6
Staffkogel,1899,3
Staff,1034,5
Staff,1992,6
Stadlberg,1157,5
Stadelstein,1962,8
Stadel Berg,792,9
Spitzstein,1334,2
Spitzplaneck,1566,4
Spitznock,1421,6
Spitzmauer,2390,4
Spitzkofel,2567,2
Spitzer Riegel,659,5
Spitzegg,1830,6
Spitzbrand,1415,2
Spindeleben,777,4
Spiessnägel,1671,2
Spießkogel,1588,8
Spiess,1416,2
Spielkogel,1847,3
Spiel Kogel,1548,3
Spielbichl,1957,2
Sperkerriegel,678,5
Spering,1562,4
Speikkogel,1567,8
Speikkogel,1601,8
Speikberg,2063,4
Speiereck,2352,3
Speiereck,2058,6
Speckkar Spitze,2561,2
Spateck,2136,8
Sparber,975,3
Spannkogel,1028,8
Spadenberg,999,4
Sonnwendstein,1351,5
Sonnwendberg,640,8
Sonntagsmauer,1349,4
Sonnstein Kogel,1533,8
Sonnstein,1582,6
Sonnspitze,1745,2
Sonnkogel,640,5
Sonnjoch,2420,2
Sonnen Spitze,2286,2
Sonnenjoch,1903,2
Sonnenberg,482,9
Stubacher Sonnblick,3017,2
Sonnblick,2439,6
Sonnblick,2471,6
Sonnberg,301,5
Sonnberg,924,4
Sonnberg,792,3
Somspitze,2101,3
Sommertor,1648,3
Sommer Berg,1077,8
Soboth,1334,8
Sneschnik,1537,6
Sittmooser Bach,889,6
Sitten Berg,283,5
Sinnesjoch,2194,2
Sinacher Gupf,1416,6
Simmering,1953,2
Guardia Alta,3389,10
Silvrettahorn,3104,10
Silbersberg,1212,8
Silberriegel,1067,4
Silberpfennig,2565,3
Silbereck,2538,3
Gmundnerberg,875,4
Siebenstein,1223,4
Siebenbürger Kogel,1101,8
Serneskopf,2322,2
Serkogel,1185,8
Senftenberg,2308,2
Selbhorn,2468,3
Seichenkopf,2553,6
Seespitz,1230,4
Seelakopf,2256,2
Seelackenberg,337,5
Seekopf,2054,2
Seekopf,1897,6
Seekogel,3150,2
Seekarspitze,2244,2
Seekarspitze,2295,3
Seekarspitze,2025,3
Seekarkopf,2763,2
Seehorn,2170,3
Seeberg,1338,8
Schwölleck Berg,895,5
Schwende,1126,1
Schweins Berg,332,5
Schwein Berg,670,5
Schweikertkopf,2788,2
Schwarzwipfel,1016,6
Schwarzwand,2211,6
Schwarzwaldkogel,1667,6
Schwarzriegel,1182,5
Schwarzkopf,2496,3
Schwarzkogel,1051,5
Schwarzkogel,1205,5
Schwarzkogel,649,4
Schwarzkogel,1286,8
Schwarzkogel,1171,8
Schwarze Wand,2159,2
Schwarzkogel,1730,2
Schwarzer Berg,1114,3
Schwarzen Berg,869,5
Schwarzenberg,846,5
Schwarzen Berg,993,5
Schwarzenberg,804,5
Schwarzenberg,1175,3
Schwarzenberg,1187,5
Schwarzenberg,1688,3
Schwarzenbach Berg,756,5
Schwarzeck,613,8
Schwarzeck,2499,3
Schwarzberg,608,4
Schwarzberg,350,5
Schwanspitze,2684,6
Schwalbenwand,1859,3
Schwalbenkofel,2115,6
Schwaiberghorn,1940,2
Schwager Bach,1280,8
Schwabenkopf,3299,2
Schützenkogel,1778,2
Schüttkogel,1760,8
Schüttenberg,192,5
Schusterkogel,2161,3
Schuhflicken,1907,3
Schrottkogel,548,6
Schrottenkogel,1123,8
Schroneck,2045,6
Schreindelmauer,988,4
Schreckenspitz,1929,2
Schrankogel,3461,2
Schrammacher Spitze,3388,2
Schramer Höhe,652,4
Schrakogel,775,8
Schrabachauerkogel,996,4
Schöpfl,889,5
Schönwieskopf,1703,3
Schönwetter,1835,8
Schönjöchl,1962,2
Schöngelitzhöhe,1532,3
Schönfeldjoch,1616,2
Schöneck,1187,4
Schönbodenhöhe,1004,5
Schönbichl,2023,2
Schönberg,1609,8
Schönalpe,1829,3
Schoibernberg,892,4
Schodenkopf,1611,3
Schöckl,869,8
Schobertörl,2378,6
Schoberstein,1244,4
Schoberspitz,2288,6
Schöberlberg,1521,8
Schoberkogel,1301,6
Schober Berg,895,5
Schober,1187,5
Schober,1290,3
Schober,1677,3
Schober,1729,8
Schober,2034,3
Schober,2846,6
Schneidjoch,1588,2
Schneiders,867,1
Schneider Joch,2097,2
Schneibstein,1947,3
Schneestellkopf,2290,6
Schneekogel,1172,5
Schneeberg,721,4
Schneeberg,1889,3
Schneealpe,1635,8
Schnappen Berg,969,2
Schnablwipfel,1699,4
Schnabelstein,711,5
Schmittenstein,1660,3
Schmittenhöhe,1950,3
Schmiednock,2287,6
Schmasskofel,2327,6
Schmalzkopf,2523,2
Schlierewand,1673,2
Schlierekopf,1928,2
Schlicke,1726,2
Schlichtspitze,1980,10
Schlenken,1634,3
Schleinitz,2865,2
Schleichkogel,1215,3
Schlappoltkopf,1906,10
Schlaitnerkofel,2477,2
Schlagriedel,1352,8
Schinninger,876,8
Schindtwald Berg,760,5
Schinder,1585,2
Schillereck,1707,4
Schildberg,315,5
Schiffall,918,8
Schiestelnock,1920,6
Schiessling,1482,8
Schießlkogel,335,8
Schießeck,1975,8
Schiefwegkogl,722,5
Schieferstein,1107,4
Schiedeck,2090,8
Schermberg,2403,4
Scherer Kogel,1043,8
Schellenberg,1658,3
Scheinoldstein,1051,4
Scheichenspitz,2499,8
Scheiblingstein,464,5
Scheiblingstein,1353,5
Scheibling Berg,1131,5
Scheibenriegel,357,9
Scheibenbühel Berg,1148,2
Scheiben Berg,836,5
Scheffauer,1290,2
Schefberg,698,4
Schaufelspitze,2036,8
Schatzbühel,2023,6
Schatzberg,1796,2
Schatterberg,1111,2
Scharrer Kogel,1268,4
Scharreck,2118,3
Scharnitzspitze,2342,2
Scharnik,2600,6
Schafreuter,2021,2
Schareck,3047,6
Schareck,2333,6
Schanitzentörl,1973,6
Schallenberg,913,4
Schafwände,1578,8
Schafsiedel,2064,2
Schafseitenspitze,2308,2
Schafkarkogel,2431,3
Schafeleck,2641,6
Schafberg,1755,3
Schafberg,2266,1
Schabernack,1126,8
Schaalenberg,2519,2
Sauwand,1088,8
Sauspitz,368,9
Saurüssel,1311,5
Saunock,2108,6
Säuleck,3036,6
Saukarkopf,1769,3
Saugrabenspitz,955,4
Sauernkogel,1430,8
Sauereggnock,1921,3
Saubügel,310,5
Sattlernock,1087,6
Sattelnock,1958,6
Sattelberg,721,8
Sankt Ulrichskopf,2523,2
Sandling,1475,8
Sandl,368,5
Sandberg,293,5
Salzstiegel,1580,8
Salzkofel,2222,6
Salzerkopf,1179,6
Salzburger Hochthron,1827,3
Brennerin,1585,4
Salzachgeier,2175,2
Sallapulka,481,5
Salberg,882,8
Saile,1912,2
Sagtalerspitze,2159,2
Sadning Kogel,1309,8
Sadnig,2529,6
Sachberg,354,5
Säbelspitz,2088,6
Rusteck,970,8
Russberg,1148,4
Runzelberg,863,5
Rudolfshöhe,468,5
Rudnig,2192,2
Rudiger Spitze,2066,2
Rotgsol,1539,4
Rotwand,1338,2
Rotündl Berg,1140,8
Rofelwand,3177,2
Rotkogel,1804,8
Rothorn,2046,1
Rothorn,1813,3
Rothorn,2502,6
Rote Wand,2645,1
Rote Spitze,1900,2
Roter Stein,1995,2
Roter Schroffen,2439,2
Roter Schragen,3027,2
Roter Knopf,2715,6
Rotenstein,868,5
Roter Kogel,2726,2
Rötelstein,1172,8
Rötelstein,2192,3
Rotbleisskopf,2829,2
Roßwandspitze,2627,2
Rossschopf,1613,4
Rossschopf,932,4
Rossmoos,1017,4
Roßlahnerkopf,2521,3
Rosskopf,1376,2
Rosskogel,1412,8
Rosskogel,1221,8
Rosskogel,3015,2
Rosskarkopf,2499,3
Rossgipfel,628,5
Rossfeld,1529,8
Rosseck,1225,8
Rossbrand,1608,3
Rossberg,1733,3
Rossbach Kogel,1675,8
Rosennock,2352,6
Rosenkogel,604,5
Rosenkogel,1031,8
Ronberg,1411,2
Rammlspitz,839,4
Römas Kogel,923,8
Roggelskopf,2132,1
Rofanspitze,2217,2
Röcker,1012,8
Ritterspitzen,2293,6
Ritterkopf,2764,3
Rippeteck,1485,3
Rinnkogel,1692,3
Ringkogel,973,5
Ringkogel,779,8
Ringkamp,1871,8
Rindernock,1541,6
Rifflerkar Spitze,3102,2
Riesen Berg,523,4
Riegerin,1541,8
Riednock,1463,6
Riedingspitze,1730,3
Riedbock,2688,6
Riebenkofel,2368,6
Richtberg,1041,4
Rettenkogel,1377,3
Rether Joch,1673,2
Resterhöhe,1633,3
Resl Berg,310,5
Reschfeld,525,4
Rescheskogel,1936,3
Reschenkogel,1332,8
Reschenhorn,1197,8
Rennsfeld,2042,6
Rennfeld,1489,8
Remsteinkogel,1716,3
Reitstein,1350,2
Reitkogel,864,4
Reiting,1925,8
Reiterkopf,1545,2
Reiterkogel,1594,3
Reitereck,2599,6
Reiterboden,2034,2
Reitberg,1134,2
Reisskofel,2257,6
Reisshorn,1467,3
Reisseck,1459,8
Reisseck,1779,8
Reisseck,2591,6
Reisnerkogel,351,9
Reisalpe,1078,5
Reinischkogel,1245,8
Reichkendlkopf,1769,2
Reicheskogel,2183,3
Reichenwaldberg,756,5
Admonter Reichenstein,1978,8
Reichenstein,2107,8
Rehkogel,728,8
Herndleck,1004,4
Rehberg,721,5
Rausch Kogel,1335,8
Rauherstein,1636,8
Rauher Kopf,1210,2
Rauher Kopf,2650,2
Rauherkogel,1789,2
Rauchkopf,1546,6
Rauchkögerl,1310,3
Rauchkofel,1805,2
Rauchkofel,2384,6
Rauchenkopf,1989,2
Raucheck,2042,3
Rastkogel,2572,2
Rasing Berg,870,8
Rappler,2465,2
Rappen Spitze,1983,2
Rappenseekopf,2417,2
Rappelkogel,1886,8
Rann Berg,1186,3
Rangger Köpfl,1593,2
Rangen,1369,3
Ramolkogel,3109,2
Rainberg,483,3
Ragstatt Joch,1501,2
Radstädter Tauern,1270,3
Radmerhals,1282,8
Radmer Alpe,989,8
Radleck,2244,6
Rabenwaldkogel,1200,8
Rabensau Berg,379,9
Rabenkropf,346,9
Rabantberg,1268,6
Raasberg,1004,8
Pyramidenkogel,837,6
Prochenberg,1102,5
Priedröf,1903,6
Pridou,1120,6
Pribitz,1014,8
Pretul,1643,8
Pretal,1060,8
Pressingberg,2268,6
Presenberg,984,8
Preiner Gscheid,999,8
Preineckkogel,1307,5
Prefingkogel,721,4
Predigtstuhl,1793,8
Predigtstuhl,1168,8
Predigtstuhl,1000,3
Predigtstuhl,1974,8
Predigstuhl,860,4
Predigberg,2399,2
Preber,2690,3
Praxmarerkarspitze,2511,2
Prankerhöhe,2060,8
Praghorn,1746,3
Prädi Berg,310,8
Präbichl,1271,8
Pötschberg,1233,8
Popler Kogel,1544,6
Popberg,2323,3
Polzberg,839,5
Polster,1367,8
Polster,1699,8
Polster,1523,8
Pöller Kogel,1369,8
Pöllaberg,426,5
Polinik,2443,6
Polinik,2201,6
Pohleshöhe,2397,2
Plumsjoch,1956,2
Pletzen,2334,8
Plessigkopf,1349,1
Plessberg,706,4
Pleschnitzzinken,1950,8
Pleschberg,1314,8
Pleschberg,1589,8
Plesch,829,8
Plenge,2142,6
Pleissnitzkogel,1905,3
Plattspitzen,2547,2
Plattnock,2242,6
Platt Kogel,1434,3
Platten Kopf,2674,2
Plattenkogl,1782,3
Platten Berg,838,4
Platten,1307,3
Plattachkopf,2267,6
Plassen,1665,4
Plankovitzspitze,2367,3
Plankogel,2063,6
Plagna,1569,6
Planai,1823,8
Plackles,1116,5
Placken,1786,8
Pircheck,1590,3
Pinkogel,1038,8
Pilgerschrofen,1293,2
Pichl Berg,603,5
Pfrodlkopf,3010,2
Pfennigberg,422,4
Pfarrachhöhe,1735,3
Pfannstein,1390,4
Pfann Nock,2078,6
Pfänder,1050,1
Pfaffstättner Kogel,535,5
Pfaffenstein,605,4
Pfaffenstein,1247,8
Pfaffeneck,570,8
Pfaffeneck,2496,1
Pezidkopf,2641,2
Peuschelkopf,2461,2
Peca,2083,6
Petzeck,2998,6
Peterkogel,950,8
Petergupf,1508,4
Pernecker Kogel,1062,4
Permuthwand,1920,3
Pendling,1478,2
Peloschen,1652,6
Peilstein,614,5
Paulmauer,980,5
Pauliberg,498,9
Patteriol,2354,2
Patschaberg,1254,8
Palnock,1864,6
Pall Spitze,2114,2
Palfnersee Kogel,2345,3
Palfner Kogel,1156,3
Paleitenkopf,1366,3
Pailwand,956,3
Padauner Kogl,1753,2
Öttlberg,1251,4
Großer Otter,1345,5
Ötscher,1856,5
Ostrawitz,1681,4
Osterreich Berg,1098,3
Olperer,3408,2
Oisching,1414,8
Ohniest Berg,814,5
Öhler,878,5
Offner Berg,1269,8
Ödkarlekopf,2438,2
Ochsner,3055,2
Ochsenstand,2026,6
Ochsenriegel,2116,3
Ochsenreith,955,5
Ochsenkopf,1332,8
Ochsenkopf,1175,8
Ochsenkopf,2209,2
Ochsenkogel,1183,8
Ochsenkogel,1184,8
Ochsenkogel,1409,8
Ochsenbergler Kopf,2660,2
Ochsenberg,954,4
Ochsenberg,1382,3
Obristkopf,1034,3
Oblitzen,2281,3
Obersteinköpfl,830,3
Obersberg,1332,5
Oberreintalschrofen,2375,2
Ober Lavanter Kolben,1428,2
Obere Wildgruben Spitze,2518,1
Oberer Saubichl,473,5
Oberer Fratres Berg,680,6
Oberer Eisenkopf,2200,2
Oberberg,1305,2
Notten,1498,5
Nösslachjoch,1719,2
Norbert Höhe,1595,2
Nöckel,1803,2
Nockberg,1447,6
Nob,1741,1
Niklasberg,534,5
Niederwechsel,1637,8
Nieder Schöckl,1090,8
Niedere Künzelspitze,2088,1
Niederjoch,2008,2
Niederer Tauern,2462,3
Neunernock,1083,6
Neunerkopf,1771,3
Neuberg,2257,6
Nestbauern Riegel,691,5
Neederkogl,2407,2
Nederjoch,2001,2
Nebelstein,917,5
Nebelstein,732,5
Nebelkareck,2190,3
Nazogl,1874,8
Natterwand,1320,2
Narrenkogel,1649,2
Napfenkogel,1967,10
Nachtsöllberg,1791,2
Muttekopf,2695,2
Gaflunamutt,1761,1
Murspitzen,1830,8
Muntanitz,3133,2
Mühlstein,969,3
Mühlhauserhöhe,1952,3
Mühlberg,686,5
Mühlberg,762,8
Mühlbachernock,1560,8
Mugelkuppe,1383,8
Muckenkogel,946,5
Moserschlag,1193,8
Mosermandl,2586,3
Moser Kogel,1294,8
Mosereck,886,4
Mosereck,1694,3
Möser Berg,1051,4
Moschelitzen,2176,6
Möschacher Wipfel,1547,6
Mörsbachspitze,1796,8
Morgenkogel,2256,2
Moralpenkogel,1159,4
Hinterer Mooskofel,2447,6
Mooseck Höhe,1925,3
Mondscheinspitze,2021,2
Mönchsberg,453,3
Möllkopf,2008,6
Mokarspitze,2244,6
Mohnenfluh,2507,1
Mohar,2442,6
Mödringberg,1669,6
Moderberg,907,5
Mittlerer Zellerhut,1359,8
Mittlerer Ramolkogel,3053,2
Mittlere Ödkarspitze,2678,2
Mittlere Hintereisspitze,2791,2
Mitterriegel,961,8
Mittergrotzen Spitze,1376,2
Mittereckmauer,1052,4
Mitterberg,636,8
Mitterberg,394,5
Mitterberg,1745,8
Mitterberg,1419,3
Mitterberg,1136,8
Mitteralpe,1426,8
Mittagsspitze,2285,6
Mittagspitze,1043,6
Mittagsnock,1333,6
Mittagsnock,806,6
Mittagskopf,2546,2
Mittagskogel,834,5
Mittagskofel,631,6
Mittagskofel,2226,6
Misseck,1807,6
Mirnock,1867,6
Millstätter Alpe,2031,6
Miessriegel,1091,8
Miesljoch,2326,2
Miesenberg,991,4
Mieseck,1127,4
Michelberg,325,5
Meßnerin,1728,8
Mentenkarspitze,1884,3
Mellenkopf,2419,6
Melcherspitz,2038,8
Meiseleck,677,8
Mehlstüblberg,948,8
Mauthnereck,958,8
Mauthner Alpe,1720,6
Matzingthaler Höhe,882,5
Matschacher Gupf,1485,6
Masenberg,1243,8
Marterlkopf,1854,3
Martennock,1264,6
Marislwand,2381,3
Marienberg,2515,2
Maria Saaler Berg,681,6
Maresenspitze,2719,6
Marchkopf,2466,2
Marbachhöhe,1707,3
Mannsberg,1530,4
Manlitz Kogel,1961,3
Manhartsberg,485,5
Mandlkogel,2243,3
Mandelstein,865,5
Maldonkopf,2149,2
Makernispitze,2378,6
Maisberg,857,5
Maileskar Spitze,1742,2
Mahlleiten Berg,491,5
Mahdtalkogel,1073,8
Magdalensberg,919,6
Madritschengupf,1817,10
Mahderkopf,1897,6
Madererspitze,2205,1
Madereck,818,8
Luxstein,1485,8
Lutschaun,1015,8
Lurgrotte,888,8
Lunz Berg,853,5
Lumkofel,2222,6
Lugauer,2012,8
Lüftner Berg,696,4
Loreck,1812,2
Loreakopf,2024,2
Lonitzberg,423,5
Lones Kopf,2120,2
Luibiskogel,2816,2
Lodron,1697,2
Lisgele Spitze,2129,6
Lineck Berg,658,8
Lindkogel,545,5
Noerdliche Linderspitze,2303,2
Linden Berg,660,5
Lignitzhöhe,2044,8
Liezener Eck,1225,8
Lickerplanhöhe,1569,5
Lichte Tanne,1039,3
Lichtenberg,890,4
Lesshöhe,2053,3
Lerchwand,2083,3
Lerch Kogel,657,8
Lerchkogel,1151,8
Lerchkogel,695,8
Lercheck,770,8
Lercheck,1295,3
Leonsberg,1687,4
Leobner,1474,8
Lenzkogel,995,8
Lenkenspitze,2091,6
Leichenberg,638,8
Lawinenstein,1188,8
Lavantspitze,2477,2
Laucheck,1520,6
Laubkogel,2185,3
Lattermaißberg,441,5
Latschur,2146,6
Latschingkogel,1903,3
Lasörling,3057,2
Lärchriegel,2275,6
Larcheck,1553,2
Larchberg,1221,2
Larainferner Spitze,2822,10
Langweid Kogel,1775,3
Langser Höhe,945,8
Langschneid,2461,2
Langlocker Mauer,1092,4
Langer Berg,1090,4
Langennock,1704,6
Lamsen Spitze,1872,2
Lampelhöhe,471,9
Lakenkogel,1630,3
Laka,1670,6
Laitenkopf,1919,6
Lahngangkogel,1654,8
Lehnerkopf,1867,10
Lahnerhorn,1483,3
Lahneck,1918,3
Lagels Berg,1978,4
Lackner Miesberg,2066,4
Lackenberg,922,4
Lacken Berg,878,8
Lachalpe,1411,8
Labenberg,1398,3
Laba,1989,2
Laaggers,1673,2
Laa Berg,988,4
Kuppel,1559,2
Kulmspitze,1091,4
Kulmriegel,741,5
Kulm Kogel,1132,8
Kulmberg,1120,8
Kulmberg,681,8
Kuku,1383,6
Kuhleitentörl,2274,2
Kuhleitenkopf,2418,6
Kühkarl,1973,3
Kuhberg,610,5
Kühberg,683,3
Kuhberg,931,4
Kühbacheck,1770,8
Kuhalm,1710,6
Küchelspitze,2668,2
Krottenspitzen,2394,10
Kröndlhorn,2376,3
Krieriegel,591,9
Kreuztaxen,1185,2
Kreuzspitze,3112,2
Kreuzspitze,1810,8
Kreuzspitze,2418,6
Kreuzschober,1279,8
Kreuzkopf,2871,6
Kreuzkogel,1137,5
Kreuz Kogel,734,8
Kreuzkogel,1896,3
Kreuzkogel,2015,3
Kreuzkogel,2243,3
Kreuzkogel,2654,3
Kreuzkofel,2540,2
Kreuzjoch,1773,2
Kreuzjoch,2463,2
Kreuzjoch,2565,2
Kreuzjoch,2337,2
Kreuzhöhe,1986,3
Kreuzelhöhe,2315,6
Kreuzecke,2708,2
Kreuzeck,886,4
Kreuzeck,1812,3
Kreuzeck,2358,6
Kreuzbühel,1923,6
Kreuzberg,1527,10
Kreuzberg,1497,6
Kreuzberg,1016,5
Kreuzberg,631,8
Kreuz,1804,4
Kreutherhöhe,1417,6
Kressenberg,842,5
Krenken Kogel,855,5
Kremsmauer,1555,4
Kremserkogel,745,8
Kreischberg,1764,8
Kraxenkogel,1943,3
Krautgartenkogel,1736,8
Krauser Schöckl,975,8
Kramkogel,2071,3
Krahstein,1410,8
Krähbergerzinken,1740,8
Kragenjoch,1276,2
Kojenstein,1287,1
Kosterberg,1736,2
Kösslberg,1615,5
Korein,1812,3
Koppen,973,3
Königsleiten,2222,3
Königskogel,1229,8
Königsberg Horn,1508,3
Königsbergereck,812,5
Königsangerspitze,2052,6
Kompar,1729,2
Kolomannsberg,1111,3
Kolmnock,1832,6
Kolmkarspitze,2250,3
Kollmannsberg,946,4
Kolbner Spitz,1143,6
Kohlberg,700,4
Kohlberg,1539,8
Höherstein,1066,4
Kogel,1076,5
Koflernock,2018,6
Köderkopf,1933,6
Kochofen,1627,8
Kobesnock,1657,6
Knotenberg,2063,6
Knoten,1847,6
Klosterwappen,1941,5
Klosterkogel,1547,8
Klosterberg,732,9
Klomnock,2220,6
Kloben,1075,5
Kletschach Kogel,1308,8
Klenitzen,2441,6
Klemerbrett Kogel,2126,3
Klementkogel,1270,8
Kleinvenediger,3430,2
Kleinspitz,3071,2
Klein Pölven,1443,2
Kleingurpitschegg,2112,3
Kleines Reisseck,2591,6
Kleines Mureck,2196,3
Kleines Maiereck,1496,8
Kleines Hundshorn,1172,3
Kleines Hocheck,1839,8
Kleines Beil,1902,2
Kleiner Zeller Fels,993,5
Kleiner Woising,1246,4
Kleinwanner,2362,2
Kleiner Sulzberg,1196,5
Kleiner Spitzberg,1342,4
Kleiner Sonnleitstein,1455,5
Kleiner Sonnblick,2793,6
Kleiner Solstein,2385,2
Kleiner Schober,1423,8
Kleiner Reithpfadkogel,674,4
Kleiner Ramolkogel,3053,2
Kleiner Rabenstein,1902,8
Kleiner Priel,2100,4
Pal Piccolo,1580,10
Kleiner Ötscher,1527,5
Kleiner Neukogel,597,5
Kleiner Mitterberg,944,4
Kleiner Litzner,2709,1
Kleiner Lanschütz,2320,3
Kleiner Größtenberg,1699,4
Kleiner Koppenkarstein,2701,4
Kleiner Königstuhl,1853,3
Kleiner Koller,757,5
Kleiner Kögel Berg,1088,5
Kleiner Knallstein,2184,8
Kleiner Hochkasten,2198,8
Kleiner Grießstein,1846,8
Kleiner Geiger,1167,8
Kleiner Donnerkogel,1668,3
Kleiner Buchstein,987,8
Kleiner Buchberg,911,4
Kleiner Brieglers Berg,1934,8
Kleiner Bosruck,942,8
Kleiner Bösenstein,2065,8
Kleiner Bodenberg,369,5
Kleine Plischa,619,9
Kleine Leier,2471,6
Kleine Bischofsmütze,1652,3
Kleinerberg,1267,4
Kleinberg,963,2
Kleinalpe,1747,6
Klauskofel,1499,2
Klammerköpfe,2894,6
Klag Kogel,1380,8
Kitzsteinhorn,3093,3
Kitzstein,1987,3
Kitzbüheler Horn,1278,2
Kirchbühel,1658,8
Kirchwaldberg,1027,5
Kirchmayer Höhe,587,5
Kirchbichl,499,2
Kirchberg,852,8
Kirchberg,1547,2
Kindsbründl,579,4
Kimperngupf,1001,6
Kienstein,650,5
Kienstein,882,5
Kienleitenkopf,1460,2
Kieneck,1088,5
Kienberg,498,4
Kienbergkopf,727,10
Kienberg,1702,2
Große Kesselspitze,2310,3
Kesselkogel,2405,6
Kesseleck,2084,8
Kesseleck,2447,6
Kerzenmandl,1078,8
Kerschen Berg,556,5
Kerblgsöll,516,4
Kendlkopf,2282,3
Kemacher,2292,2
Creta della Cianevate,2657,10
Kellerjoch,2206,2
Croda Verde,2842,10
Kegelhörndl,1463,2
Katzenkopf,2322,2
Katzenhirn,1208,4
Kasten Spitze,1237,3
Kastenriegel,1012,8
Kastenkopf,1954,2
Kastal,2528,2
Kasparstein,697,6
kaserköpfl,2241,3
Kasereck,2207,3
Kasberg,1723,4
Karteis Kopf,2035,3
Karstein,1358,2
Karnereck,1679,3
Karner Berg,874,8
Karlstein,1018,5
Karlstein,767,8
Kärlspitze,2266,6
Karlspitz,1580,8
karlsberg,944,5
Karlonger Kogel,496,9
Karlnock,2176,6
Karl Hochkogel,1920,8
Karkopf,2754,2
Kareck,2399,6
Kapuzinerberg,641,3
Kapf,1074,1
Kanzel,1488,6
Kanzberg,1600,2
Kampstein,1324,5
Kampleck,2176,6
Kammerlinghorn,2041,10
Kaltenberg,718,5
Kaltenberg,2831,1
Kalte Mauer,1641,8
Kaltbründlberg,511,7
Kalkstein,1456,2
Kalkbretterkopf,2389,3
Kalkberg,468,5
Kalblsau,854,5
Kaiserschild,1671,8
Kaiser Kogel,1719,4
Kaiserburg,1868,6
Kaarles Spitze,2532,2
Juri Kogel,748,8
Jukbühel,1817,6
Juifen,1958,2
Judenköpfe,1968,2
Johannisberg,3434,6
Joelspitze,1738,2
Jochgrabenberg,647,5
Jochart Berg,1084,5
Jawornik,1121,6
Jauerling Gipfelkreuz,952,5
Jakobskogel,1616,5
Jäger Rast,984,6
Itonskopf,2032,1
Berg Isel,653,2
Irrsberg,840,3
Irrbühel,1311,8
Im Zöbel,1731,4
Im Törl,2049,6
Ilgner Hockeck,943,8
Ilgner Alpel,819,8
Hutterkogel,785,5
Huttererhöß,1833,4
Hütlberg,713,8
Hutberg,798,5
Hundstein,1945,3
Hundskogel,1135,4
Hundshöhe,2130,6
Hundeck,1902,3
Hühnersberg,2378,6
Hühnernock,1490,6
Hühnerberg,1508,2
Hubmerkogel,692,5
Hubberg,761,5
Ruckenkopf,2276,6
Hörndle,2539,2
Hongar,934,4
Hölzlberg,1558,8
Holzeck,1114,3
Höllkar,1077,3
Hollerberg,668,4
Schabenreitnerstein,1119,4
Höllenstein,426,5
Höllberg,1405,3
Hohe Zinken,1607,3
Hohe Zetz,782,8
Hohe Weichsel,1981,8
Hohe Trett,1401,8
Hohes Riff,2882,2
Hohes Licht,2513,2
Hohe Sinn,1568,8
Hohes Eck,631,5
Hohes Egg,1597,10
Hohe Schrott,1443,4
Hohe Salve,1687,2
Hohe Wasserfalle,2784,2
Hoher Tenn,3294,3
Hoher Sonnblick,2859,3
Hoher Seeblaskogel,3187,2
Hoher Sarstein,1851,8
Hoher Riffler,3079,2
Hoher Ochsenkogel,2213,4
Hoher Lindkogel,831,5
Hoher Krippenstein,1972,4
Hoher Krahberg,1085,4
Hoher Kamm,2322,2
Hohe Riffel,3297,3
Hoher Ifen,2201,1
Hoher Hengst,1004,5
Hoher Frassen,1943,1
Hohe Rehstatt,1027,4
Hoher Dachstein,2853,4
Hoher Bösring,2219,2
Hohe Rannach,935,8
Hoher Aifenspitze,2597,2
Hohe Penhab,1959,3
Hohenwartberg,425,5
Hohenwart,1368,8
Hohenwart,1804,6
Hohensteinmais Berg,341,9
Hohenstein,1124,5
Hoher Nock,1924,4
Hohe Nock,1704,3
Höhennock,2308,6
Hohenkareck,2405,6
Höheneck Kogel,1206,3
Hoheneck,1312,8
Höhenberg,873,5
Höhen Berg,1157,5
Hohe Mandling,717,5
Hohe Leier,2597,6
Hohe Kugel,1599,1
Hohe Krägen,1428,3
Hohe Hosswand,1890,4
Hohe Geige,3282,2
Hofereck,1051,3
Hofalpe,930,5
Hochzöbl,973,4
Hochzeiger,2221,2
Hochwurzen,1820,8
Hochwipfel,1794,6
Hochwildstelle,2123,8
Hochwies Kogel,1524,3
Hochwiese,737,4
Hochwein Berg,490,5
Hochwechsel,1499,8
Hochwaxeneck,1467,8
Hochwarter Höhe,1642,6
Hochwand,974,5
Hochwand,2639,2
Hochwand,2363,2
Hochwaldkopf,1404,2
Hochvogel,2528,10
Hochunnutz,1820,2
Hochturm,1950,8
Hoch Trötsch,856,8
Hochtristen,2454,6
Hochtratten,954,8
Hochtor,2289,8
Hochtor,2454,3
Hochthron,1413,3
Hochstein Kogel,878,5
Höchstein,1584,8
Hochstein,1472,2
Hochstadl,1732,8
Hochstadel Berg,1183,5
Hochstadel,2626,2
Hochsengs,1804,4
Hochschober,3045,2
Hochschlag,879,8
Hochschlag,1399,8
Hochsäul,1437,2
Hochsalm,1376,4
Hochriegel,754,5
Hochrettelstein,2051,8
Hochreichhart,2395,8
Hochrappenkopf,2338,10
Hochpyra,652,5
Hochpürschtling,1380,8
Hochplettspitz,1105,4
Hochplattig,2706,2
Hochobir,2070,6
Hochnörderer,2389,2
Hochnissl,2472,2
Hohe Munde,2571,2
Hochmühleck,1706,8
Hochmoos,1511,2
Hochmölbing,1810,8
Hochmaderer,2481,1
Hochleckenkogel,1667,4
Hochlantsch,1129,8
Hochkreuz,2584,6
Hochkranz,1293,3
Hochkönig,2830,3
Hochkogel,676,5
Hochkogel,1438,4
Hochkogel,993,4
Hochkogel,1671,8
Hochkogel,1227,8
Hochkogel,1176,8
Hochkogel,1835,3
Hochkesselkopf,2343,4
Hochkeil,1508,3
Hochkasern,1492,3
Hochkar,998,8
Hochkampl,1060,8
Hochkalmberg,1789,4
Hochjoch,824,4
Hochjoch,2476,1
Hochjoch,2765,2
Hochiss,2186,2
Hochhörndler Spitze,1731,2
Hochgschirr,2187,3
Hochgründeck,1679,3
Hochgründberg,1419,2
Hochgrößen,1740,8
Hochgrabe,2768,2
Hochgosch,588,6
Hochgolling,2821,3
Hochgölk,841,8
Hochglocker,1363,3
Hochgitzen,509,3
Collalto,3380,10
Hochfeld,2090,8
Hochfeld,2149,2
Hochfeind,1867,3
Höherberg,643,5
Höchenberg,1811,2
Hochegg,1713,3
Hochegg,2345,6
Hochedl,1421,4
Hocheder,2646,2
Hocheck,687,5
Hocheck,1256,8
Hocheck,1296,8
Hocheck,1199,8
Hocheck,1580,3
Hocheck,2053,3
Hocheck,2552,2
Hochegg,2214,2
Hocheben Kogel,608,5
Hochbühel,790,4
Hochbuchberg,1243,4
Hochbrand,1107,4
Hochblaser,1441,8
Hochberg,639,5
Hochberg,967,1
Hocharn,3018,6
Hochanger,1669,8
Hochanger,854,8
Hochälpele,1443,1
Hochalpel,1214,5
Hochalpe,1465,8
Hochalmspitze,3328,6
Hobelsberg,707,4
Hirzkarkopf,2522,3
Hirzer,2255,2
Hirzberg,1944,8
Hirschwaldstein,1074,4
Hirschkopf,1933,3
Hirschkopf,1773,3
Hirsch Kogel,905,3
Hirschenstein,961,4
Hirschenstein,849,9
Hirschenspitz,2434,1
Hirscheggeralpe,1670,6
Hirschberg,946,1
Hirschberg,1807,1
Hippold Spitze,2450,2
Hintzing,777,4
Hinterunnutz,1768,2
Hintere Steinkar Spitze,2434,6
Hinteres Sonnwendjoch,1832,2
Hinteres Modereck,2690,6
Hinteres Freieck,2005,3
Hinterer Schwarzmooskogel,1409,8
Hinterer Satzgrat,2724,2
Hintere Rendelspitze,2700,2
Hintereck,794,8
Hinter Berg,997,4
Hinteralpe,946,5
Hindl Berg,642,4
Himmel,814,8
Himbeerstein,712,8
Hilmersberg,2365,6
Hifelwand,1319,3
Hieselegg,1114,8
Hieselberg,620,4
Hiesberg,372,5
Hiasbauerhöhe,1318,8
Hexenkopf,2821,2
Heukuppe,1526,8
Heukareck,1382,3
Heuberg,384,5
Heuberg,888,3
Heuberg,746,9
Herzogberg,1266,8
Herzogberg,941,8
Herzogberg,374,6
Hermannskogel,529,7
Heretkofel,2000,2
Hennesteck,1137,5
Hennespitze,2472,2
Henner Kogel,1370,8
Hennebergspitzen,2756,2
Hengstlberg,616,5
Hengst Berg,566,5
Heiterberg,2140,1
Heidriegel,658,9
Hehenberg,958,4
Hegerberg,650,5
Hegerberg,809,5
Hedlalpe,1077,8
Hechelstein,1306,8
Hauser Kaibling,1670,8
Haunsberg,819,4
Haugstein,895,4
Hauerkogl,2195,2
Hauer Kogel,1257,8
Hauereck,1236,8
Hasseck,1563,3
Hasenriedl,596,5
Haselstein,890,5
Hartkaser,1433,2
Harting,1186,8
Hartberg,659,5
Hanserkogel,718,8
Hahnbaum,1155,4
Hangspitze,1691,1
Haneggkogel,707,8
Handreute,731,1
Handlesberg,1068,5
Handalpe,1801,8
Hammerleck,644,5
Hammelberg,328,9
Hamberg,2037,2
Haltersitz,1349,4
Halteis,653,4
Halserberg,1451,8
Hainboden,608,5
Haiger Kogel,744,5
Haidnerhöhe,2007,6
Haiden Berg,576,5
Haidach,1017,8
Hahnreich,1433,6
Hahnleskopf,2037,2
Hahnenkamm,1702,2
Hahneckkogel,1618,3
Hahlkogl,1839,2
Hagleiten,2116,3
Hafner,2487,6
Haderniggkogel,1085,8
Hacklplatten,1756,3
Habichtkogel,1128,4
Habicht,3211,2
Haberkogel,594,5
Haberg,400,5
Haberfeldkuppe,1542,5
Haberfeld,306,5
Guttenberg,789,5
Gurtisspitze,1721,1
Gursgentörl,2307,6
Gurpitschegg,2101,3
Gurlspitze,882,3
Gumriaul,2876,2
Gumpeneck,1404,8
Guggenberg,456,4
Großer Quenkogel,1025,4
Gstoder,1744,3
Gstatterstein,1037,8
Gspranggupf,688,4
Gsollriedel,1310,5
Gsollberg,585,5
Gsengplatte,1307,3
Gschwandtnerberg,1509,3
Gschirreck,1339,4
Gschieskogel,1116,8
Gsahlkopf,2809,2
Grünstein,2515,2
Grünkogel,1612,8
Gründegg,2124,3
Grünberg,561,4
Grünberg,981,4
Grünberg,1234,4
Grünberg,1559,3
Grünalmkogel,1801,4
Grumauerberg,2285,2
Grubigstein,2171,2
Grubhörndl,1392,3
Gruberhorn,1625,3
Grubeck,1105,8
Großwand,1598,3
Großvenediger,3626,2
Grösstenberg,1108,4
Rohrauer Größtenberg,1763,4
Gross Pölven,998,2
Großglockner,3736,2
Grosses Mureck,2196,3
Großes Maiereck,1496,8
Grosses Hundshorn,1532,3
Großes Hocheck,1839,8
Großes Beil,2267,2
Große Sandspitze,2594,2
Grosser Zellerhut,1393,8
Grosser Woisgenkopf,2572,6
Grosser Traunstein,1402,3
Grosser Tanzkogel,1849,2
Grosser Sulzberg,1110,5
Grosser Stier Berg,658,4
Große Steinwand,1299,8
Großer Spitzberg,1352,4
Großer Sonnstein,1002,4
Grosser Sonnleitstein,1455,5
Grosser Sonnblick,2829,6
Grosser Solstein,2513,2
Grosser Seekopf,977,8
Großer Schwarzkogel,1815,4
Großer Schober,1423,8
Grosser Scheiben Berg,1225,8
Großer Rettenstein,2118,2
Grosser Reithpfadkogel,721,4
Rauchschober,1387,8
Grosser Rabenstein,1902,8
Großer Pyhrgas,2078,4
Grosser Proles,1249,8
Grosser Priel,2448,4
Grosser Pleisslingkeil,2261,3
Grosser Pfaff,1156,8
Grosser Peilstein,979,5
Nörderberg,2658,2
Grosser Neukogel,841,5
Grosser Lanschütz,2326,3
Grosser Lafatscher,1998,2
Großer Größtenberg,1710,4
Großer Koppenkarstein,2346,4
Großer Königskogel,1328,8
Grosser Koller,730,5
Großer Kegel,1108,5
Großer Knallstein,2083,8
Großer Kitzberg,458,5
Grosser Ingent,2386,2
Großer Höllkogel,1850,4
Hochkogel,1082,4
Grosser Hochkasten,1963,8
Grosser Hetzkogel,1323,5
Großer Gsollberg,1726,8
Grosser Grössenberg,1103,5
Grimming,2314,8
Großer Grießstein,1846,8
Grosser Griedlkopf,2467,6
Grosser Grakofl,2289,6
Göller,1328,5
Grosser Geiger,1167,8
Großer Geiger,2760,2
Großer Galtenberg,2004,2
Großer Geißkopf,649,5
Großer Friedrichskopf,3044,6
Grosser Fögenberg,1044,5
Grosser Donnerkogel,1668,3
Großer Buchstein,2192,8
Bosruck,1747,4
Großer Bösenstein,2065,8
Großer Bolzenberg,310,5
Großer Bodenberg,494,5
Grosser Berg,356,5
Großer Archenkopf,2074,3
Grosser Alpkogel,1246,4
Grosse Plischa,661,9
Grossen Berg,752,5
Größenberg,598,5
Grössenberg,701,5
Grössenberg,1560,8
Großer Looskogel,1096,8
Grosseck,2394,3
Grosse Bischofsmütze,2148,3
Grosse Aualm,1639,2
Hohe Arche,2272,3
Hohe Dirn,1096,4
Gross Buchberg,911,4
Großbodenkopf,2624,2
Gross Alterstein,918,4
Grohman Berg,888,5
Grobriedel,1279,3
Grifitzbühel,1709,6
Rietzer Grieskogel,2646,2
Grieskareck,1939,3
Grieser Grieskogel,2671,2
Griepl Spitze,1945,2
Gridelegg,1919,6
Grestner Hochkogel,735,5
Greimkogel,670,9
Greifenberg,1920,8
Gregerlenock,2105,8
Grebenzen,1811,8
Graunock,2044,8
Graukogel,2196,3
Grauer Stein,921,8
Gratlspitze,1868,2
Grasteneck,712,8
Graslitzen,1852,6
Graskopf,2506,6
Graschlitzen,500,6
Granitzl,1656,3
Grafische Tristen,2262,6
Grafenwegerhöhe,1218,6
Grabenalpe,1207,5
Krahberg,2189,2
Gosskogel,1016,8
Gosseck,1363,6
Gösing,617,5
Gomoarkopf,2477,2
Golzentipp,2218,2
Golz,1902,6
Golsernock,1540,6
Golitschspitze,2096,3
Goldeck,2021,6
Goldeck,1069,8
Gölbner,2801,2
Göblberg,710,4
Glutserberg,1547,8
Glockturm,3305,2
Glöcknerin,2230,3
Glockhaus,3048,2
Gleinalpe,1557,8
Gleichenberger Kogeln,594,8
Glatzberg,830,5
Glasfelderkopf,2206,10
Glasen Berg,842,4
Glanzenriegel,620,5
Glanzberg,1269,8
Glantschegg,1160,6
Glantererkogel,1277,2
Gjaidtroghöhe,2688,6
Girlitzspitze,1791,6
Gippel,1600,5
Gimpel,2004,2
Gibler Kogel,464,4
Gfällkogel,1436,8
Gfälleralpe,1282,5
Gfäll,1110,8
Gespitzter Riegel,503,5
Geserberg,771,1
Geschriebenstein,880,9
Gerzkopf,1550,3
Gerstinger Joch,1768,2
Gerstbreinstein,981,8
Gernkogel,2185,3
Gerner Berg,583,4
Gern,1609,3
Gerloskögerl,1463,2
Gerlitzen,1846,6
Gerhardstein,1165,3
Gensgitsch,2257,3
Gamskofel,1672,6
Gemeindealpe,962,5
Gelderkogel,933,8
Geissteinkopf,1837,3
Kosiak,1991,6
Geisruck,752,5
Geißenberg,824,5
Geigenkopf,2001,3
Geiersspitz,2248,6
Geierkogel,1431,2
Geiereck,1781,3
Gehrenspitzen,2078,2
Gehart,905,8
Gedrechter,2044,2
Gaugen,2084,6
Gatschkopf,2907,2
Gatschkopf,2474,2
Gatschberg,1102,8
Gasslkogel,1365,4
Garschkogel,1003,5
Gartnerwand,2340,2
Gartnerkofel,2058,6
Gartenzinken,1040,4
Gamsstein,1078,4
Gamsplan,1872,4
Gamskopf,2769,2
Gamskogl,1969,2
Gamskögerl,1824,3
Gamskogel,1690,3
Gamskofel,2431,6
Gamskarl Spitze,2125,2
Gamskarlspitze,2662,6
Gamskarkogel,2132,3
Gamsjoch,2400,2
Gamshag,1986,2
Gamsfeld,1996,3
Rauhkogel,1219,4
Gampenkogel,1711,2
Gamolnig Spitze,2535,6
Gametz Kogl,2637,2
Galzig,2028,2
Gallruthkopf,2960,2
Galgenberg,763,8
Geißstein,1253,4
Geißstein,2009,3
Gaisspitze,2360,2
Gaisruck,924,5
Geißkopf,1193,1
Geißhörndl,1099,4
Gaishorn,2026,2
Geißberg,604,5
Gaisberg,1231,4
Gaisberg,1293,3
Gaisberg,1389,2
Gaipahöhe,1753,6
Gahberg,785,4
Gafluner Winterjöchl,2491,1
Gabühel,1279,3
Gabesitten,2552,2
Futterkogel,1183,5
Fussmeisel Berg,388,5
Fürstkogel,1401,8
Firstkogel,2046,2
Furgler,2447,2
Fundelkopf,2365,1
Fulseck,1896,3
Fuchskogel,1271,8
Fuchsegg,836,8
Frudigerjoch,1987,2
Frommes,2221,2
Friesling,897,5
Freudenberg,727,6
Fressenberg,891,8
Fressenberg,1237,8
Freiing Spitze,2280,2
Freihut,2482,2
Setitsche,1898,6
Fraunnock,2339,3
Frauentaleck,1960,2
Frauenkogel,664,8
Frauenberg,292,5
Frauenalpe,1667,8
Forsterkogel,778,4
Forerberg,377,5
Forchkogel,845,8
Fölzstein,1764,8
Föllbaum Berg,607,5
Foiskarkogel,2909,3
Fobis,1534,8
Flugkopf,1991,3
Fluchtkogel,3356,2
Floning,1504,8
Floch,1899,2
Fleischbank,1987,2
Fleischbank,1656,6
Fleiding,1732,2
Finstereck,1308,8
Monte Lodin,1140,10
Filzkogel,1355,3
Filbling,1029,3
Feuersteinberg,507,5
Feuerstein,2112,1
Feuerstätterkopf,1623,1
Feuer am Bichl,1658,2
Feuchter Berg,1356,5
Feuchtental,741,5
Ferlacher Horn,1743,6
Fensteralpe,1148,8
Feldl,1449,8
Fellhorn,1466,2
Feldalpenhorn,1869,2
Feiglkogel,762,5
Feiden,1121,5
Feichtkogel,1432,8
Faster Berg,323,5
Fanninghöhe,1774,3
Faltergarten,1696,2
Falkenstein,941,4
Falken,1387,8
Faistenauer Schafberg,1149,4
Fahrnaugupf,1204,4
Fahrenberg,1052,4
Fadenkamp,1640,8
Exenberg,1044,8
Eselsberg,736,5
Eschenkogel,655,5
Eschenauerkogel,1208,3
Erzberg,948,8
Erlspitze,2354,2
Erlakogel,1518,4
Erharthöhe,1021,8
Erdegg,1314,8
Ennseck,1069,8
Ennsbaum,869,8
Enge Wurst,1421,5
Emberg,705,8
Elmberg,1629,8
Elferkogel,1688,3
Elendberg,2452,8
Eiskögele,3354,2
Eiskogel,2225,3
Eiskarlspitze,2199,2
Eiserner Herrgott,1221,5
Eisentalhöhe,2139,6
Eisenstein,1087,5
Eisigspitz,2484,6
Eisenhut,2349,8
Eisenerzer Höhe,1270,8
Eisenberg,411,9
Einstein,1449,2
Rohnehöhe,1328,1
Einberg,1462,3
Eignerkogel,816,5
Eichkogel,358,5
Hoher Eichham,3239,2
Eichberg,565,5
Eibling,1082,4
Eibenkogel,817,8
Eibenkogel,1390,8
Eibenberg Kopf,819,3
Eibenberg,560,5
Eibenberg,1559,4
Eibel Kogel,1374,8
Eibel Berg,948,5
Eibel,1105,6
Eibeck,804,4
Ehrenbachhöhe,1547,2
Eggessengrat,2502,2
Eggerjoch,2218,2
Eggenberg,500,8
Egelseehörndl,936,3
Edlerberg,785,5
Ederplan,1556,6
Edelwies,1213,5
Edelweissspitze,2311,3
Edelgriesshöhe,2346,8
Eckwand,2072,6
Eckskopf,1737,1
Großer Landsberg,865,4
Eckberg,1040,6
Eberstein,631,3
Ebenstein,1651,8
Ebeneck,2158,3
Ebeneck,2567,6
Dürrnock,1087,6
Dürrenstein,1425,5
Dürrenschöberl,1631,8
Dürrenkogel,944,8
Dürnberg,981,3
Dürlstein,1625,3
Durchat,1449,8
Dukateneck,588,4
Duisitzer Hahnkamp,1904,8
Dreispitz,1101,4
Dreiköpfel,2798,2
Dreieckkogel,1529,8
Draxlerkogel,1142,8
Draugstein,2063,3
Drahte Kogel,1062,8
Dornerkogel,1220,8
Dornbachalpe,2178,6
Dörfelstein,873,8
Dorfberg,694,4
Dorf Berg,1865,2
Donnerswand,1273,8
Donnerstein,1320,4
Donnerstein,2520,2
Donnerschlag,2431,6
Donnerkogel,1413,5
Dolzenberg,1890,3
Dobratsch,1684,6
Dietrichshorn,1350,3
Die Törlen,1346,2
Diem Kogel,2852,2
Deneck,2195,8
Degenhorn,2712,2
Deferegger Riegel,2457,2
Dechant,2193,6
Daxenberg,982,1
Dawinkopf,2888,2
Davenna,1217,1
Dannknopf,2142,6
Damberg,918,4
Dachsberg,815,4
Zimpaserkogel,1499,6
Buschberg,495,5
Burgstein Mauer,757,5
Burgstein Berg,931,5
Burgstaller Höhe,929,8
Bürgeralpe,981,8
Bundscheck,1251,8
Bugschrofen,1864,2
Buckel Berg,477,8
Büchleralpe,1102,5
Buchkogel,728,8
Bucheralpe,1682,6
Buchensteinwand,1386,2
Bucheck,1309,8
Buchberg,413,5
Buchberg,293,5
Buchberg,491,5
Buchberg,618,3
Buchberg,1254,8
Buchberg,918,3
Buchberg,596,6
Brustingerkogel,1937,3
Brunnstein,981,4
Brunnkogel,1473,4
Brunnberg,415,5
Brüggelekopf,1171,1
Bruderkogel,1959,8
Bruckstein,626,8
Bromberg,1508,4
Brettkogel,1698,4
Brenntenriegel,608,9
Brennkogel,1579,8
Brandleck,1684,4
Breitspitz,1646,3
Breithorn,2227,3
Breithorn,2004,3
Breiter Kogel,1215,8
Breitenberg,1126,4
Breiteckkoppe,1977,8
Breiteck,2130,3
Breitebenkopf,1978,3
Breg,285,9
Brechhorn,1899,2
Brechelspitze,2132,8
Bräuningzinken,1769,8
Braunedel Kogel,1758,3
Brandwall,1325,8
Brandstein,1875,8
Brandriegel,921,4
Brandriedl,1675,8
Brandlhorn,1484,3
Brandkogel,1277,2
Brandjoch,2414,2
Brandhorn,2417,3
Brandhöhe,1735,6
Brandel,1220,6
Brandberger Kolm,2659,2
Brandberg,1046,4
Brandangerkogel,1487,8
Böses Weibl,3076,6
Böseck,2643,6
Bölzen Berg,878,5
Bodmerspitze,2490,1
Bodenwies,1490,4
Bodenlucken,1676,6
Bodeneck,1394,6
Böcksteinkogel,2081,3
Bocksberg,1167,1
Blümeck,1470,3
Blosen,1606,8
Blockkogl,2980,2
Blindis Spitze,2754,2
Bleikogel,2291,3
Bleckwand,1101,3
Blauetalrücken,2631,2
Blankuskopf,2296,1
Blankakopf,2804,2
Blankahorn,2914,2
Bischof,1745,2
Bischlinghöhe,1708,3
Birnhorn,2572,3
Birkkarspitze,2649,2
Binder Berg,376,9
Bihr Kogel,591,9
Biberkopf,2502,2
Betteltritt,1682,1
Bernkogel,1644,3
Bernkarkogel,2077,3
Bergwerkskopf,2649,2
Bergkogel,1466,6
Berger Kogel,2552,2
Benzeck,1179,3
Beling,1653,6
Beistein,661,8
Beilstein,1002,8
Baumkögeln,1007,8
Baumgartgeier,2162,3
Bauernkogel,918,4
Bauernberg,938,4
Bärrennock,1963,3
Bärofen,1461,6
Bärnkopf,867,8
Bärenstein,1065,4
Bärenstein,1134,8
Bärensteig,1929,3
Bärenlacken,734,5
Bärenkogel,988,8
Bärenbadkogel,1498,2
Balonspitze,2381,3
Ball Kogel,831,4
Baierhubermauer,1170,8
Badstuben,1050,6
Loibler Baba,1562,10
Axljoch Berg,1426,2
Äußere Wetterspitze,3004,2
Aukopf,1760,3
Augustinkogel,1281,4
Augstein,1163,8
Auf der Mussen,1435,6
Auf der Kehr,699,5
Auf dem Horn,1268,2
Auberg,324,5
Astromspitze,2194,6
Aschek,1128,3
Aschbuch,340,9
Arbiskogel,1498,2
Arbeser Kogel,1800,2
Arappkogel,2002,3
Arabichl,1485,5
Anninger,665,5
Annas Berg,983,4
Ankogel,3176,6
Angerwald,434,9
Angerkogel,1917,8
Angererkopf,2107,1
Angererhöhe,1287,8
Am Semen,2696,2
Ammering,548,5
Katzenstein,1281,4
Ameiskogel,1305,4
Ameisberg,941,4
Amberger Alpe,1794,6
Altenberg,1260,6
Alpwegkopf,1410,1
Alpriedlhorn,2331,3
Alpleskopf,1965,2
Alpkopf,1399,1
Alpkogl,1351,8
Alpstein,1410,4
Alpenbühel,1627,6
Alpenberg,971,4
Almmauer,1394,8
Almesbrunn Berg,979,5
Samalm,1760,6
Albonkopf,2601,2
Alberfeldkogel,1649,4
Akogel,1011,8
Aineck,2202,3
Aigenberg,713,5
Aichenhöhe,1056,6
Aichberg,1486,8
Eibl,1067,8
Aibelhöhe,1432,8
Ahornkogl,1402,8
Adenberg,507,4
Adams Kogl,2634,2
Achselkopf,1275,2
Achleitner Kogel,1179,2
Achenkopf,2148,3
Acheneck,1067,8
Achberg,972,2
Wörner,2120,6
Wilder Lochberg,1497,2
Wiedhag,1302,6
Wetterwandeck,2448,6
Kanzelwand,1780,1
Untere Wettersteinspitze,1373,6
Östliches Torjoch,1399,2
Schwarzenberg,839,6
Schönkahler,1536,2
Scheibelberg,1221,6
Schänzlekopf,1916,6
Rudersburg,1310,2
Reinhardsberg,1057,6
Rauhhorn,2026,6
Rauheck,1371,6
Ochsenkamm,1731,3
Obere Gottesackerwände,1612,6
Nesselberg,1306,6
Muttlerkopf,1896,6
Musterstein,2040,2
Lerchkogel,1399,6
Lerchfleckspitze,2204,6
Lechler Kanz,2069,6
Kleiner Archkenkopf,2074,3
Kemptner Kopf,1981,1
Kahlersberg,2093,3
Grüner Kopf,2184,2
Hoher Häderich,1454,1
Niederbrunnsulzen Kogel,2259,6
Leiterhorn,2254,6
Burgberg,1147,6
B’schießer,1847,6
Planberg,1034,6
Aggenstein,1399,2
Frastanzersand,1616,10
Hochficht,1252,4
Sagranberg,1899,6
Grosser Schafkopf,2770,2
Großer Pal,1604,8
Osternig,1977,6
Monte Goriane,1384,6
Dosso Gais,1480,8
Ofen,981,6
Kronalpe,1643,8
Kapinberg,1384,6
Achomitzer Berg,1424,6
Kleiner Grintoutz,1402,6
Kahlkogel,1651,6
Steinberg,442,8
Hahnenwipfel,978,6
Koschutnikturm,1954,6
Hühnerkogel,1515,8
Hajnzturm,1672,10
Kepa,2091,10
Steinberg,1106,6
Vis Kurjek,1995,10
Blekova,1605,10
Dammeggernock,1882,8
Vorderhütteneck,2166,3
Großer Speikkofel,2198,6
Schilcher Nock,1786,3
Schulter,2016,6
Säuleck,2367,6
Bockstein,1293,6
Auernig,1903,6
Lonza Höhe,2405,6
Strieden,2249,6
Zellinkopf,2381,6
Goaschnigkogel,2404,6
Seebach Höhe,2267,6
Geiszipf,1567,6
Auf der Schön,1446,6
Kuhberg,1994,6
Breiter Gupf,984,6
Kotla,1248,6
Strohsack,1849,6
Halbing,1516,6
Hochpirkach,1191,6
Trojer Alm,2496,2
Schulterhöhe,2378,6
Großer Rain,1342,6
Rjautza,1565,6
Blaustein,2106,6
Straniger,2001,6
Zielkofl,1537,6
Buchenberg Kogel,853,8
Weißenegger Berg,559,6
Hohenwart,661,6
Grossenegger Berg,1197,6
Michaelerberg,976,6
Dicken Berg,1249,6
Mnihovec,1509,6
Wullross,1027,6
Schmiedkogel,1112,6
Wernigberg,1131,6
Gadotratte,1212,6
Godinger Berg,1490,6
Gunegg,1368,6
Kreuzkopf,1706,2
Wettersteinkopf,1993,2
Zinken,1319,10
Godererkogel,839,4
Grünberg,1473,2
Oberneukirchner Berg,878,4
Grintoutz,1601,6
Hochstuhl,2196,10
Bielschitza,1921,6
Kosmatitza,1634,6
Wertatscha,2151,10
Selenitza,1786,10
Loibler Prapotnik,1477,6
Neuberg,1356,6
Tomaschberg,1477,6
Zeller Prapotnik,1690,6
Grintoutz,1771,6
Zwölferspitz,1673,6
Hochleitenspitze,2379,2
Kleiner Rettenstein,1753,2
Höhlberg,252,5
Schutzengelberg,450,7
Vogelsangberg,507,7
Schwarzenberg,1408,1
Höllenberg,1705,6
Kapitzberg,1520,8
Bauernalpl,1607,8
Steineck,2163,8
Gruber-Hirnkogel,1939,8
Rettelkirchspitze,2449,8
Hohenwart,2212,8
Riedlerzinken,2040,8
Hohes Schareck,2327,8
Hochhädrich,1542,1
Tolsti Vrh,1538,6
Lärchenberg,2039,6
Selenz,1535,6
Jovanberg,1482,6
Struglberg,1353,6
Mrzla Gora,2135,6
Leppenberg,1131,6
Serpitschkar,1167,6
Spitzberg,1539,6
Kahlenberg,479,7
Teiritzberg,168,5
Fürberg,1024,1
Tatzen,1019,1
Aggentstein,1836,2
Schönkahler,1653,2
Pfeifferberg,1441,10
Säuling,1916,2
Schwarzenberg,1189,2
Vilser Berg,1019,2
Musauer Berg,1466,2
Karretschrofen,1999,2
Vilser Kegel,1780,2
Westliches Torjoch,1788,2
Kafell,1844,2
Wilderjochberg,1609,2
Hofjoch,1337,2
Schulterberg,1679,2
Säulkopf,3174,2
Hohe Achsel,2806,2
Messeling,2296,2
Rabenstein,2734,2
Abretter,2868,2
Hörndl,2762,3
Biessachkopf,2885,3
Geißkogel,2428,3
Schrotkopf,2419,3
Kollerberg,453,8
Gaisberg,453,8
Straßengelberg,534,8
Hohenberg,1021,8
Eichberg,552,8
Hochglaserer,908,8
Rabnitzberg,1061,8
Mädelegabel,2547,10
Sagwand Spitze,3129,2
Schermer-Spitze,3058,2
Mitterberg,705,5
Corno del Passo,3116,2
Punta Bianca,3314,2
Dosso Largo,3170,2
Cima di Valmala,2950,2
Ilmspitze,2634,2
Rinnerkogel,1906,4
Dreizinkenspitze,2585,2
Nojer,1485,8
Buchenberg,775,5
Mitterriegel,603,5
Sattelberg,485,5
Hinteres Brunneck,554,5
Kreuzeck,594,5
Vorderes Kreuzeck,574,5
Sagberg,541,5
Hainbachberg,573,5
Kaiserbrunnberg,577,5
Gorner,2672,2
Gramul,3221,6
Hohe Warte,2998,2
Kasselerspitze,2873,2
Grosser Löffler,3273,2
Felsköpfl,3203,2
IV. Hornspitze,3155,2
Tauernkopf,2814,3
Sonnwand,2777,2
Kleiner Löffler,3157,2
Lapen Spitze,2916,2
Gigalitz Spitze,2944,2
Gigalitzturm,2793,2
Greizer Spitze,2867,2
Kreuz Spitze,2851,2
Furtschagel Spitze,3110,2
Schönbichlerhorn,3084,2
Talggenkopf,3130,2
Am Horn,2649,2
Krähenfuss,2573,2
Vordere Stangenspitze,2986,2
Almerhorn,2861,3
Roßkopf,2601,10
Fennereck,3038,3
Rosshorn,2987,3
Muklaspitze,3113,2
Graunock,2913,2
Am Hengst,2449,2
Glockhaus,3007,2
Große Löffelspitze,3057,2
Kleine Löffelspitze,2967,2
Kematerspitze,2959,2
Hörnle,2697,2
Untere Rötspitze,3234,3
Virglkopf,3038,2
Ahrnerkopf,2928,2
Althausschneide,3166,2
Pfitschergrat,2734,2
Furtschaglkopf,2568,2
Grosser Greiner,3126,2
Greiner Sonnwand,2686,2
Steinmandl,2628,2
Rotkopf,2862,2
Mörchnerschneid,3136,2
Mörchnerschartenkopf,2883,2
Rosskopf,2913,2
Hochsteller,3010,2
Gamsspitzl,2288,3
Pillsteinhöhe,1461,3
First,1639,1
Hoher Zetz,1250,8
Pommesberg,1281,8
Plankogel,1513,8
Hirschberg,1252,8
Streberkogel,1423,8
Schoberkogel,1036,8
Pirbachkogel,1158,8
Kruckenbrettl,1005,4
Dürres Eck,1180,4
Trämpl,1377,4
Maisenkögerl,872,4
Kienesberg,899,4
Wachtberg,798,4
Hochkreut,954,4
Brenntenkogel,1092,4
Helmeskogel,1608,4
Wimmersberg,1218,4
Brunnkogel,1688,4
Buchberg,813,4
Wasserkogel,1233,4
Pyramida,664,5
Beisteinmauer,575,4
Kleiner Landsberg,804,4
Smrčina [Horní Planá],1333,4
Demmerkogel,668,8
Jankitzkogel,1467,6
Hirschkogel,1396,6
Gradischkogel,1381,6
Narrenfelsen,1493,8
Krakaberg,2055,6
Krennkogel,1888,6
Kleiner Speikkogel,2100,6
Pongrac,987,8
Montikogel,619,8
Hammerkogel,406,8
Pongratzer Kogel,1248,8
Pucheggberg,1144,8
Wullmenstein,865,8
Annenkogel,864,8
Steinstückl,824,9
Kienberg,794,9
Großer Hirschenstein,859,9
Kohlrücken,690,9
Bergstation Grünleitennock,2122,6
Grünleitennock,2143,6
Großberg Spitze,2596,2
Schober,897,5
Breitenstein,804,4
Schneidspitze,1945,2
Sabotin,1442,6
Blassenstein,824,5
Teicham,1170,8
Schussgrubenkogel,3165,2
Pfaffenschneid,3195,2
Großelendkopf,3280,6
Schwarzkofel,2446,2
Böse Nase,2084,6
Kleiner Isidor,3137,2
Straßkopf,2161,6
Vorderseekamp,2826,6
Mönchsberg,1964,6
Seiche,2762,2
Obere Seescharte,2768,3
Roter Berg,248,7
Hupfauf,803,2
Gartenberg,1185,3
Schatzhöhe,1384,3
Goritschnigkogel,515,6
Stifterkogel,631,6
Plöschenberg,602,6
Friedlhöhe,660,6
Zuckerhütl Westgipfel,3330,2
Schwarzkopf,2727,3
Pilatusscharte,2859,6
Bockhartscharte,2149,3
Mitterastenkopf,2237,3
Aurachberg,592,4
Jedlkopf,1729,3
Schwarzwand,1881,3
